{
	"pattrstorage" : 	{
		"name" : "mySynth",
		"slots" : 		{
			"1" : 			{
				"id" : 1,
				"data" : 				{
					"bp.Oscillator[1]::CV2" : [ 0.0 ],
					"bp.Oscillator[1]::CV3" : [ 0.0 ],
					"bp.Oscillator[1]::Freq" : [ 261.625565410470585 ],
					"bp.Oscillator[1]::FreqMode" : [ 1.0 ],
					"bp.Oscillator[1]::Linear" : [ 0.0 ],
					"bp.Oscillator[1]::Mute" : [ 0.0 ],
					"bp.Oscillator[1]::Offset" : [ 0.0 ],
					"bp.Oscillator[1]::PW" : [ 50.0 ],
					"bp.Oscillator[1]::PWM" : [ 0.0 ],
					"bp.Oscillator[1]::Waveform" : [ 3.0 ],
					"bp.Big Scope::Lock" : [ 0.0 ],
					"bp.Big Scope::Points" : [ 100.0 ],
					"bp.Big Scope::divide" : [ 0.0 ],
					"bp.Big Scope::multiply" : [ 0.0 ],
					"bp.Stereo::DSP" : [ 1.0 ],
					"bp.Stereo::Level" : [ -3.063909381964109 ],
					"bp.Stereo::Mute" : [ 0.0 ],
					"bp.Stereo::OutputChannel" : [ 0.0 ],
					"bp.Big Spectral::LinLog" : [ 1.0 ],
					"bp.Big Spectral::LinLog[1]" : [ 1.0 ],
					"bp.Big Spectral::PollingInterval" : [ 10.0 ],
					"bp.Big Spectral::display" : [ 0.0 ],
					"bp.Big Spectral::live.numbox" : [ 7.716926607333106 ],
					"bp.Big Spectral::live.numbox[1]" : [ -1.0 ],
					"bp.Big Spectral::live.numbox[2]" : [ 128.0 ],
					"bp.Big Spectral::live.numbox[3]" : [ 13289.750285970703771 ],
					"bp.Keyboard::KeyboardMode" : [ 2.0 ],
					"bp.Keyboard::MIDIPort" : [ "" ],
					"bp.Keyboard::Octave" : [ 0.0 ],
					"bp.Keyboard::RepeatInterval" : [ 250.0 ],
					"bp.Keyboard::kslider" : [ -1 ],
					"bp.Keyboard::live.text" : [ 1.0 ],
					"bp.Keyboard::octave" : [ 2.0 ],
					"bp.Keyboard::velocity" : [ 64 ],
					"bp.Keyboard::pitch" : [ -0.416666666666667 ],
					"bp.Keyboard::patcher::velocity" : [ 0.209560419120838 ],
					"bp.Keyboard::patcher[1]::gate" : [ 0 ],
					"bp.VCA::Bypass" : [ 0.0 ],
					"bp.VCA::Quadrants" : [ 0.0 ],
					"bp.VCA::Response" : [ 0.0 ],
					"bp.Graphic ADSR::Domain" : [ 1000.0 ],
					"bp.Graphic ADSR::DomainCV_Amt" : [ 0.0 ],
					"bp.Graphic ADSR::function" : [ 1000.0, 0.0, 1.0, 0.0, 0.0, 0, 0.0, 81.892270953559802, 0.893617021276596, 0, 0.395, 224.126671888608797, 0.723404255319149, 2, -0.345, 799.52961700000003, 0.0, 0, -0.7, "curve" ],
					"bp.Graphic ADSR::mute" : [ 0.0 ],
					"bp.Classroom Filter::CV1" : [ 0.0 ],
					"bp.Classroom Filter::CV2" : [ 0.0 ],
					"bp.Classroom Filter::CV3" : [ 0.0 ],
					"bp.Classroom Filter::Freq" : [ 500.0 ],
					"bp.Classroom Filter::Gain" : [ 1.0 ],
					"bp.Classroom Filter::Resonance" : [ 6.039468502659771 ],
					"bp.Classroom Filter::filter_mode" : [ 0.0 ],
					"bp.Classroom Filter::power[1]" : [ 0.0 ],
					"bp.Classroom Filter::spectral" : [ 0.0 ],
					"bp.LFO2::FreqRate" : [ 0.6 ],
					"bp.LFO2::Mute" : [ 0.0 ],
					"bp.LFO2::Phase-Inversion" : [ 0.0 ],
					"bp.LFO2::SpectraLFOPhase[1]" : [ 0.0 ],
					"bp.LFO2::SpectraShape" : [ 1.0 ],
					"bp.LFO2::SyncRate" : [ 5.0 ],
					"bp.LFO2::TimeMode" : [ 1.0 ],
					"bp.LFO2::re-trigger" : [ 0.0 ],
					"bp.Oscillator[2]::CV2" : [ 0.0 ],
					"bp.Oscillator[2]::CV3" : [ 0.0 ],
					"bp.Oscillator[2]::Freq" : [ 261.625565410470585 ],
					"bp.Oscillator[2]::FreqMode" : [ 1.0 ],
					"bp.Oscillator[2]::Linear" : [ 0.0 ],
					"bp.Oscillator[2]::Mute" : [ 0.0 ],
					"bp.Oscillator[2]::Offset" : [ 0.0 ],
					"bp.Oscillator[2]::PW" : [ 0.0 ],
					"bp.Oscillator[2]::PWM" : [ 0.0 ],
					"bp.Oscillator[2]::Waveform" : [ 1.0 ],
					"bp.Signal Mixer::in3" : [ 0.0 ],
					"bp.Signal Mixer::in4" : [ 0.0 ],
					"bp.Signal Mixer::live.dial" : [ 0.614173228346456 ],
					"bp.Signal Mixer::live.dial[1]" : [ 0.488188976377952 ],
					"bp.Signal Mixer::power[1]" : [ 0.0 ]
				}

			}
,
			"2" : 			{
				"id" : 2,
				"data" : 				{
					"bp.Oscillator[1]::CV2" : [ 0.0 ],
					"bp.Oscillator[1]::CV3" : [ 0.0 ],
					"bp.Oscillator[1]::Freq" : [ 261.625565410470585 ],
					"bp.Oscillator[1]::FreqMode" : [ 1.0 ],
					"bp.Oscillator[1]::Linear" : [ 0.0 ],
					"bp.Oscillator[1]::Mute" : [ 0.0 ],
					"bp.Oscillator[1]::Offset" : [ 0.0 ],
					"bp.Oscillator[1]::PW" : [ 50.0 ],
					"bp.Oscillator[1]::PWM" : [ 49.606299212598394 ],
					"bp.Oscillator[1]::Waveform" : [ 3.0 ],
					"bp.Big Scope::Lock" : [ 0.0 ],
					"bp.Big Scope::Points" : [ 100.0 ],
					"bp.Big Scope::divide" : [ 0.0 ],
					"bp.Big Scope::multiply" : [ 0.0 ],
					"bp.Stereo::DSP" : [ 1.0 ],
					"bp.Stereo::Level" : [ -1.474249598870955 ],
					"bp.Stereo::Mute" : [ 0.0 ],
					"bp.Stereo::OutputChannel" : [ 0.0 ],
					"bp.Big Spectral::LinLog" : [ 1.0 ],
					"bp.Big Spectral::LinLog[1]" : [ 1.0 ],
					"bp.Big Spectral::PollingInterval" : [ 10.0 ],
					"bp.Big Spectral::display" : [ 0.0 ],
					"bp.Big Spectral::live.numbox" : [ 7.716926607333106 ],
					"bp.Big Spectral::live.numbox[1]" : [ -1.0 ],
					"bp.Big Spectral::live.numbox[2]" : [ 128.0 ],
					"bp.Big Spectral::live.numbox[3]" : [ 13289.750285970703771 ],
					"bp.Keyboard::KeyboardMode" : [ 2.0 ],
					"bp.Keyboard::MIDIPort" : [ "" ],
					"bp.Keyboard::Octave" : [ 0.0 ],
					"bp.Keyboard::RepeatInterval" : [ 250.0 ],
					"bp.Keyboard::kslider" : [ -1 ],
					"bp.Keyboard::live.text" : [ 1.0 ],
					"bp.Keyboard::octave" : [ 2.0 ],
					"bp.Keyboard::velocity" : [ 64 ],
					"bp.Keyboard::pitch" : [ 0.166666666666666 ],
					"bp.Keyboard::patcher::velocity" : [ 0.079360158720317 ],
					"bp.Keyboard::patcher[1]::gate" : [ 5 ],
					"bp.VCA::Bypass" : [ 0.0 ],
					"bp.VCA::Quadrants" : [ 0.0 ],
					"bp.VCA::Response" : [ 0.0 ],
					"bp.Graphic ADSR::Domain" : [ 1000.0 ],
					"bp.Graphic ADSR::DomainCV_Amt" : [ 0.0 ],
					"bp.Graphic ADSR::function" : [ 1000.0, 0.0, 1.0, 0.0, 0.0, 0, 0.0, 101.28787108106647, 0.829787234042553, 0, 0.395, 418.082673163675508, 0.723404255319149, 2, -0.345, 799.52961700000003, 0.0, 0, -0.7, "curve" ],
					"bp.Graphic ADSR::mute" : [ 0.0 ],
					"bp.Classroom Filter::CV1" : [ 0.0 ],
					"bp.Classroom Filter::CV2" : [ 0.0 ],
					"bp.Classroom Filter::CV3" : [ 0.0 ],
					"bp.Classroom Filter::Freq" : [ 433.598325624410563 ],
					"bp.Classroom Filter::Gain" : [ 1.0 ],
					"bp.Classroom Filter::Resonance" : [ 1.263173297708712 ],
					"bp.Classroom Filter::filter_mode" : [ 2.0 ],
					"bp.Classroom Filter::power[1]" : [ 0.0 ],
					"bp.Classroom Filter::spectral" : [ 0.0 ],
					"bp.LFO2::FreqRate" : [ 4.722760276844942 ],
					"bp.LFO2::Mute" : [ 0.0 ],
					"bp.LFO2::Phase-Inversion" : [ 0.0 ],
					"bp.LFO2::SpectraLFOPhase[1]" : [ 0.0 ],
					"bp.LFO2::SpectraShape" : [ 1.0 ],
					"bp.LFO2::SyncRate" : [ 5.0 ],
					"bp.LFO2::TimeMode" : [ 1.0 ],
					"bp.LFO2::re-trigger" : [ 0.0 ],
					"bp.Oscillator[2]::CV2" : [ 0.0 ],
					"bp.Oscillator[2]::CV3" : [ 0.0 ],
					"bp.Oscillator[2]::Freq" : [ 261.625565410470585 ],
					"bp.Oscillator[2]::FreqMode" : [ 1.0 ],
					"bp.Oscillator[2]::Linear" : [ 0.0 ],
					"bp.Oscillator[2]::Mute" : [ 0.0 ],
					"bp.Oscillator[2]::Offset" : [ 0.0 ],
					"bp.Oscillator[2]::PW" : [ 66.535433070866148 ],
					"bp.Oscillator[2]::PWM" : [ 62.204724409448772 ],
					"bp.Oscillator[2]::Waveform" : [ 3.0 ],
					"bp.Signal Mixer::in3" : [ 0.0 ],
					"bp.Signal Mixer::in4" : [ 0.0 ],
					"bp.Signal Mixer::live.dial" : [ 0.480314960629921 ],
					"bp.Signal Mixer::live.dial[1]" : [ 0.511811023622047 ],
					"bp.Signal Mixer::power[1]" : [ 0.0 ]
				}

			}
,
			"3" : 			{
				"id" : 3,
				"data" : 				{
					"bp.Oscillator[1]::CV2" : [ 0.0 ],
					"bp.Oscillator[1]::CV3" : [ 0.0 ],
					"bp.Oscillator[1]::Freq" : [ 261.625565410470585 ],
					"bp.Oscillator[1]::FreqMode" : [ 1.0 ],
					"bp.Oscillator[1]::Linear" : [ 0.0 ],
					"bp.Oscillator[1]::Mute" : [ 0.0 ],
					"bp.Oscillator[1]::Offset" : [ 0.0 ],
					"bp.Oscillator[1]::PW" : [ 64.173228346456597 ],
					"bp.Oscillator[1]::PWM" : [ 70.86614173228341 ],
					"bp.Oscillator[1]::Waveform" : [ 0.0 ],
					"bp.Big Scope::Lock" : [ 0.0 ],
					"bp.Big Scope::Points" : [ 2204.724409448818733 ],
					"bp.Big Scope::divide" : [ 0.0 ],
					"bp.Big Scope::multiply" : [ 0.0 ],
					"bp.Stereo::DSP" : [ 1.0 ],
					"bp.Stereo::Level" : [ -1.474249598870955 ],
					"bp.Stereo::Mute" : [ 0.0 ],
					"bp.Stereo::OutputChannel" : [ 0.0 ],
					"bp.Big Spectral::LinLog" : [ 1.0 ],
					"bp.Big Spectral::LinLog[1]" : [ 1.0 ],
					"bp.Big Spectral::PollingInterval" : [ 10.0 ],
					"bp.Big Spectral::display" : [ 0.0 ],
					"bp.Big Spectral::live.numbox" : [ 7.716926607333106 ],
					"bp.Big Spectral::live.numbox[1]" : [ -1.0 ],
					"bp.Big Spectral::live.numbox[2]" : [ 128.0 ],
					"bp.Big Spectral::live.numbox[3]" : [ 13289.750285970703771 ],
					"bp.Keyboard::KeyboardMode" : [ 2.0 ],
					"bp.Keyboard::MIDIPort" : [ "" ],
					"bp.Keyboard::Octave" : [ 0.0 ],
					"bp.Keyboard::RepeatInterval" : [ 250.0 ],
					"bp.Keyboard::kslider" : [ -1 ],
					"bp.Keyboard::live.text" : [ 1.0 ],
					"bp.Keyboard::octave" : [ 2.0 ],
					"bp.Keyboard::velocity" : [ 64 ],
					"bp.Keyboard::pitch" : [ 0.416666666666666 ],
					"bp.Keyboard::patcher::velocity" : [ 0.03751007502015 ],
					"bp.Keyboard::patcher[1]::gate" : [ 5 ],
					"bp.VCA::Bypass" : [ 0.0 ],
					"bp.VCA::Quadrants" : [ 0.0 ],
					"bp.VCA::Response" : [ 0.0 ],
					"bp.Graphic ADSR::Domain" : [ 1000.0 ],
					"bp.Graphic ADSR::DomainCV_Amt" : [ 0.0 ],
					"bp.Graphic ADSR::function" : [ 1000.0, 0.0, 1.0, 0.0, 0.0, 0, 0.0, 0.0, 0.957446808510638, 0, 0.395, 94.822671038564252, 0.765957446808511, 2, -0.345, 799.52961700000003, 0.0, 0, -0.7, "curve" ],
					"bp.Graphic ADSR::mute" : [ 0.0 ],
					"bp.Classroom Filter::CV1" : [ 0.0 ],
					"bp.Classroom Filter::CV2" : [ 0.0 ],
					"bp.Classroom Filter::CV3" : [ 0.0 ],
					"bp.Classroom Filter::Freq" : [ 987.492900052980303 ],
					"bp.Classroom Filter::Gain" : [ 1.0 ],
					"bp.Classroom Filter::Resonance" : [ 2.099819137655532 ],
					"bp.Classroom Filter::filter_mode" : [ 0.0 ],
					"bp.Classroom Filter::power[1]" : [ 0.0 ],
					"bp.Classroom Filter::spectral" : [ 0.0 ],
					"bp.LFO2::FreqRate" : [ 0.000039362717451 ],
					"bp.LFO2::Mute" : [ 0.0 ],
					"bp.LFO2::Phase-Inversion" : [ 0.0 ],
					"bp.LFO2::SpectraLFOPhase[1]" : [ 0.0 ],
					"bp.LFO2::SpectraShape" : [ 1.0 ],
					"bp.LFO2::SyncRate" : [ 5.0 ],
					"bp.LFO2::TimeMode" : [ 1.0 ],
					"bp.LFO2::re-trigger" : [ 0.0 ],
					"bp.Oscillator[2]::CV2" : [ 0.0 ],
					"bp.Oscillator[2]::CV3" : [ 0.0 ],
					"bp.Oscillator[2]::Freq" : [ 277.182631080343469 ],
					"bp.Oscillator[2]::FreqMode" : [ 1.0 ],
					"bp.Oscillator[2]::Linear" : [ 0.0 ],
					"bp.Oscillator[2]::Mute" : [ 0.0 ],
					"bp.Oscillator[2]::Offset" : [ 1.0 ],
					"bp.Oscillator[2]::PW" : [ 37.795275590551213 ],
					"bp.Oscillator[2]::PWM" : [ 71.653543307086579 ],
					"bp.Oscillator[2]::Waveform" : [ 0.0 ],
					"bp.Signal Mixer::in3" : [ 0.0 ],
					"bp.Signal Mixer::in4" : [ 0.0 ],
					"bp.Signal Mixer::live.dial" : [ 0.330708661417324 ],
					"bp.Signal Mixer::live.dial[1]" : [ 0.346456692913385 ],
					"bp.Signal Mixer::power[1]" : [ 0.0 ]
				}

			}

		}

	}

}
